{"properties":{"connectionReferences":{"shared_commondataserviceforapps_1":{"runtimeSource":"embedded","connection":{"connectionReferenceLogicalName":"new_sharedcommondataserviceforapps_a8cce"},"api":{"name":"shared_commondataserviceforapps"}}},"definition":{"$schema":"https://schema.management.azure.com/providers/Microsoft.Logic/schemas/2016-06-01/workflowdefinition.json#","contentVersion":"1.0.0.0","parameters":{"$connections":{"defaultValue":{},"type":"Object"},"$authentication":{"defaultValue":{},"type":"SecureObject"}},"triggers":{"manual":{"metadata":{"operationMetadataId":"d868b81f-b621-42ac-9763-3ae62795c844"},"type":"Request","kind":"Button","inputs":{"schema":{"type":"object","properties":{"text":{"title":"workflow","type":"string","x-ms-dynamically-added":true,"description":"Please enter your input","x-ms-content-hint":"TEXT"}},"required":["text"]}}}},"actions":{"List_rows":{"runAfter":{},"metadata":{"operationMetadataId":"50d55c84-6207-4d73-93e8-c730ace18c26"},"type":"OpenApiConnection","inputs":{"host":{"connectionName":"shared_commondataserviceforapps_1","operationId":"ListRecords","apiId":"/providers/Microsoft.PowerApps/apis/shared_commondataserviceforapps"},"parameters":{"entityName":"workflows","$filter":"name eq '@{triggerBody()['text']}'"},"authentication":{"type":"Raw","value":"@json(decodeBase64(triggerOutputs().headers['X-MS-APIM-Tokens']))['$ConnectionKey']"}}},"Apply_to_each":{"foreach":"@outputs('List_rows')?['body/value']","actions":{"ClientData":{"runAfter":{},"metadata":{"operationMetadataId":"6551430a-fbea-4be6-a9b3-15c63d218ea0"},"type":"Compose","inputs":"@items('Apply_to_each')?['clientdata']"},"ClientDataCompatibleJsonInString":{"runAfter":{"ClientData":["Succeeded"]},"metadata":{"operationMetadataId":"2d5fe34b-2063-4eb0-a6a3-ccf8a84c8406"},"type":"Compose","inputs":"\n  @{string('{\"myroot\":')} @{string(outputs('ClientData'))} }"},"ArrayOfChildWorkflowsReferences":{"runAfter":{"ClientDataXml":["Succeeded"]},"metadata":{"operationMetadataId":"7e8cb496-8f62-4744-bab6-9c69916a285f"},"type":"Compose","inputs":"@xpath(outputs('ClientDataXml'), '//workflowReferenceName/text()')","description":"xpath(outputs('ClientDataXml'),'myroot/properties/definition/actions//inputs/host/workflowReferenceName/text()')"},"Json":{"runAfter":{"ClientDataCompatibleJsonInString":["Succeeded"]},"metadata":{"operationMetadataId":"873087c0-c418-455d-ba97-d9058ce9d711"},"type":"Compose","inputs":"@json(replace(replace(outputs('ClientDataCompatibleJsonInString'), '@', 'at'), '::', ':'))"},"Trigger":{"runAfter":{"ArrayOfChildWorkflowsReferences":["Succeeded"]},"metadata":{"operationMetadataId":"0fc6c9f0-7f02-4bca-be10-d48c805c2501"},"type":"Compose","inputs":"@xpath(outputs('ClientDataXml'), '//triggers/manual/kind/text()')"},"ClientDataXml":{"runAfter":{"Json":["Succeeded"]},"metadata":{"operationMetadataId":"26ee51c2-28a4-4cd4-84f8-a9f9488ad1a6"},"type":"Compose","inputs":"@xml(outputs('Json'))"}},"runAfter":{"List_rows":["Succeeded"]},"metadata":{"operationMetadataId":"06817e3d-2290-4f33-b716-ee70cf69b338"},"type":"Foreach"}}}},"schemaVersion":"1.0.0.0"}