{"properties":{"connectionReferences":{"shared_commondataserviceforapps":{"runtimeSource":"embedded","connection":{"connectionReferenceLogicalName":"new_sharedcommondataserviceforapps_a8cce"},"api":{"name":"shared_commondataserviceforapps"}}},"definition":{"$schema":"https://schema.management.azure.com/providers/Microsoft.Logic/schemas/2016-06-01/workflowdefinition.json#","contentVersion":"1.0.0.0","parameters":{"$connections":{"defaultValue":{},"type":"Object"},"$authentication":{"defaultValue":{},"type":"SecureObject"}},"staticResults":{"Add_a_new_row0":{"status":"Succeeded","outputs":{"statusCode":"OK","headers":{}}}},"triggers":{"manual":{"metadata":{"operationMetadataId":"6ef2b118-f697-40a3-be33-be7203683771"},"type":"Request","kind":"Button","inputs":{"schema":{"type":"object","properties":{"text":{"title":"Solution","type":"string","x-ms-dynamically-added":true,"description":"Please enter your input","x-ms-content-hint":"TEXT"}},"required":[]}}}},"actions":{"Delete_Existing_Calls":{"actions":{"List_rows":{"runAfter":{},"metadata":{"operationMetadataId":"65cec245-d256-45b1-a57f-9c5741ab7c59"},"type":"OpenApiConnection","inputs":{"host":{"connectionName":"shared_commondataserviceforapps","operationId":"ListRecords","apiId":"/providers/Microsoft.PowerApps/apis/shared_commondataserviceforapps"},"parameters":{"entityName":"cr93e_workflowcallworkflows"},"authentication":{"type":"Raw","value":"@json(decodeBase64(triggerOutputs().headers['X-MS-APIM-Tokens']))['$ConnectionKey']"}}},"Apply_to_each_Existing_Call":{"foreach":"@outputs('List_rows')?['body/value']","actions":{"Delete_a_row":{"runAfter":{},"metadata":{"operationMetadataId":"d4f12c03-5992-461b-8942-f7d389710773"},"type":"OpenApiConnection","inputs":{"host":{"connectionName":"shared_commondataserviceforapps","operationId":"DeleteRecord","apiId":"/providers/Microsoft.PowerApps/apis/shared_commondataserviceforapps"},"parameters":{"entityName":"cr93e_workflowcallworkflows","recordId":"@items('Apply_to_each_Existing_Call')?['cr93e_workflowcallworkflowid']"},"authentication":{"type":"Raw","value":"@json(decodeBase64(triggerOutputs().headers['X-MS-APIM-Tokens']))['$ConnectionKey']"}}}},"runAfter":{"List_rows":["Succeeded"]},"metadata":{"operationMetadataId":"c6b29994-b768-43c2-834c-07fc393fd519"},"type":"Foreach"}},"runAfter":{"Initialize_variable_filterForFlows":["Succeeded"]},"metadata":{"operationMetadataId":"2dc5eaf5-e831-4f3d-bed0-3ea13df43c94"},"type":"Scope"},"Parse_your_flows":{"actions":{"Apply_to_each_Workflow":{"foreach":"@outputs('List_rows_-_Processes_-_Find_custom_workflows')?['body/value']","actions":{"CallerWorkflow":{"runAfter":{},"metadata":{"operationMetadataId":"0ed6351c-3476-4e97-a0f7-66cddb6d4539"},"type":"Compose","inputs":"@item()?['name']"},"List_rows_-_Find_selected_workflow":{"runAfter":{"CallerWorkflow":["Succeeded"]},"metadata":{"operationMetadataId":"adae486b-0706-4a00-9984-381b9a6d7fa7"},"type":"OpenApiConnection","inputs":{"host":{"connectionName":"shared_commondataserviceforapps","operationId":"ListRecords","apiId":"/providers/Microsoft.PowerApps/apis/shared_commondataserviceforapps"},"parameters":{"entityName":"workflows","$filter":"name eq '@{item()?['name']}'"},"authentication":{"type":"Raw","value":"@json(decodeBase64(triggerOutputs().headers['X-MS-APIM-Tokens']))['$ConnectionKey']"}}},"Apply_to_each":{"foreach":"@outputs('List_rows_-_Find_selected_workflow')?['body/value']","actions":{"ClientDataXml":{"runAfter":{"Json":["Succeeded"]},"metadata":{"operationMetadataId":"26ee51c2-28a4-4cd4-84f8-a9f9488ad1a6"},"type":"Compose","inputs":"@xml(outputs('Json'))"},"ArrayOfChildWorkflowsReferences":{"runAfter":{"ClientDataXml":["Succeeded"]},"metadata":{"operationMetadataId":"7e8cb496-8f62-4744-bab6-9c69916a285f"},"type":"Compose","inputs":"@xpath(outputs('ClientDataXml'),'//workflowReferenceName/text()')","description":"xpath(outputs('ClientDataXml'),'myroot/properties/definition/actions//inputs/host/workflowReferenceName/text()')"},"Select__child_flow_references":{"runAfter":{"If_trigger_is_Button_or_PowerApps":["Succeeded"]},"metadata":{"operationMetadataId":"ea1b8b0c-4ef4-4406-8c78-8f9041781f56"},"type":"Select","inputs":{"from":"@outputs('ArrayOfChildWorkflowsReferences')","select":{"workflow":"@item()"}},"description":"xpath(outputs('ClientDataXml'),'myroot/properties/definition/actions//inputs/host/workflowReferenceName/text()')"},"ClientDataCompatibleJsonInString":{"runAfter":{"ClientData":["Succeeded"]},"metadata":{"operationMetadataId":"2d5fe34b-2063-4eb0-a6a3-ccf8a84c8406"},"type":"Compose","inputs":"\n  @{string('{\"myroot\":')} @{string(outputs('ClientData'))} }"},"Apply_to_each_Child_flow_reference":{"foreach":"@body('Select__child_flow_references')","actions":{"List_rows_-_Processes_-_child_flow_detail":{"runAfter":{},"metadata":{"operationMetadataId":"18cbcc9c-db4b-4c78-b10d-98676d5cd69c"},"type":"OpenApiConnection","inputs":{"host":{"connectionName":"shared_commondataserviceforapps","operationId":"ListRecords","apiId":"/providers/Microsoft.PowerApps/apis/shared_commondataserviceforapps"},"parameters":{"entityName":"workflows","$filter":"workflowid eq '@{item()?['workflow']}'"},"authentication":{"type":"Raw","value":"@json(decodeBase64(triggerOutputs().headers['X-MS-APIM-Tokens']))['$ConnectionKey']"}}},"Apply_to_each_child_flow":{"foreach":"@outputs('List_rows_-_Processes_-_child_flow_detail')?['body/value']","actions":{"Add_a_new_row_-_add_the_caller_and_the_child":{"runAfter":{},"metadata":{"operationMetadataId":"c7f1bb53-42d9-44cb-8c7e-2eb8d4cdf36f"},"type":"OpenApiConnection","inputs":{"host":{"connectionName":"shared_commondataserviceforapps","operationId":"CreateRecord","apiId":"/providers/Microsoft.PowerApps/apis/shared_commondataserviceforapps"},"parameters":{"entityName":"cr93e_workflowcallworkflows","item/cr93e_calledid":"@items('Apply_to_each_Child_flow_reference')?['workflow']","item/cr93e_calledname":"@items('Apply_to_each_child_flow')?['name']","item/cr93e_calledsolutionid":"@item()?['solutionid']","item/cr93e_callerid":"@outputs('WorkflowCallerId')","item/cr93e_callername":"@items('Apply_to_each_Workflow')?['name']","item/cr93e_callersolutionid":"@items('Apply_to_each')?['solutionid']","item/cr93e_callertype":"@variables('triggerType')"},"authentication":{"type":"Raw","value":"@json(decodeBase64(triggerOutputs().headers['X-MS-APIM-Tokens']))['$ConnectionKey']"}},"runtimeConfiguration":{"staticResult":{"staticResultOptions":"Disabled","name":"Add_a_new_row0"}}}},"runAfter":{"List_rows_-_Processes_-_child_flow_detail":["Succeeded"]},"metadata":{"operationMetadataId":"1a8a8be4-498f-4f5d-936e-e488c189b9fd"},"type":"Foreach"}},"runAfter":{"Select__child_flow_references":["Succeeded"]},"metadata":{"operationMetadataId":"7c9fc66d-6646-4935-99a3-6eeac81ea449"},"type":"Foreach"},"WorkflowCallerId":{"runAfter":{},"metadata":{"operationMetadataId":"777b5bae-92ba-4eb8-b3b8-1625dd7c3f96"},"type":"Compose","inputs":"@items('Apply_to_each')?['workflowid']"},"ClientData":{"runAfter":{"WorkflowCallerId":["Succeeded"]},"metadata":{"operationMetadataId":"4f205c83-af9e-4d53-9670-d670b805f09c"},"type":"Compose","inputs":"@replace(items('Apply_to_each')?['clientdata'],'@',' at ')"},"Json":{"runAfter":{"ClientDataCompatibleJsonInString":["Succeeded"]},"metadata":{"operationMetadataId":"873087c0-c418-455d-ba97-d9058ce9d711"},"type":"Compose","inputs":"@json(replace(replace(outputs('ClientDataCompatibleJsonInString'),'@','at'),'::',':'))"},"If_the_caller_flow_doesn't_have_any_child_flows":{"actions":{"Add_a_new_row_-_flow_without_child":{"runAfter":{},"metadata":{"operationMetadataId":"998583e8-2af0-42fa-905a-2671f0011368"},"type":"OpenApiConnection","inputs":{"host":{"connectionName":"shared_commondataserviceforapps","operationId":"CreateRecord","apiId":"/providers/Microsoft.PowerApps/apis/shared_commondataserviceforapps"},"parameters":{"entityName":"cr93e_workflowcallworkflows","item/cr93e_callerid":"@outputs('WorkflowCallerId')","item/cr93e_callername":"@items('Apply_to_each_Workflow')?['name']","item/cr93e_callertype":"@variables('triggerType')"},"authentication":{"type":"Raw","value":"@json(decodeBase64(triggerOutputs().headers['X-MS-APIM-Tokens']))['$ConnectionKey']"}}}},"runAfter":{"Apply_to_each_Child_flow_reference":["Succeeded"]},"expression":{"equals":["@length(outputs('ArrayOfChildWorkflowsReferences'))",0]},"metadata":{"operationMetadataId":"8c21155b-862c-473a-8376-57e187a80d29"},"type":"If"},"Trigger":{"runAfter":{"ArrayOfChildWorkflowsReferences":["Succeeded"]},"metadata":{"operationMetadataId":"0fc6c9f0-7f02-4bca-be10-d48c805c2501"},"type":"Compose","inputs":"@xpath(outputs('ClientDataXml'),'//triggers/manual/kind/text()')"},"If_trigger_is_Button_or_PowerApps":{"actions":{"Set_variable_triggerType____":{"runAfter":{},"metadata":{"operationMetadataId":"84ef2b97-4fc1-485a-a973-e1737b967021"},"type":"SetVariable","inputs":{"name":"triggerType","value":"@{first(outputs('Trigger'))}"}}},"runAfter":{"Trigger":["Succeeded"]},"else":{"actions":{"If_trigger_is_recurrence":{"actions":{"Set_variable_triggerType__":{"runAfter":{},"metadata":{"operationMetadataId":"d20226e1-dfba-489d-801b-24d4975a968e"},"type":"SetVariable","inputs":{"name":"triggerType","value":"Recurrence"}}},"runAfter":{},"else":{"actions":{"Set_variable_triggerType":{"runAfter":{},"metadata":{"operationMetadataId":"66a63005-789b-4306-a671-ea9f625722a1"},"type":"SetVariable","inputs":{"name":"triggerType","value":"other"}}}},"expression":{"greater":["@length(xpath(outputs('ClientDataXml'),'//triggers/Recurrence'))",0]},"metadata":{"operationMetadataId":"42207456-81cb-4cf0-b60f-23c38a6ce9a5"},"type":"If"}}},"expression":{"greater":["@length(xpath(outputs('ClientDataXml'),'//triggers/manual/kind/text()'))",0]},"metadata":{"operationMetadataId":"eba12ebf-747d-4071-b012-66de28a9f419"},"type":"If"}},"runAfter":{"List_rows_-_Find_selected_workflow":["Succeeded"]},"metadata":{"operationMetadataId":"f3819906-69f9-4183-a02f-126953b1d51c"},"type":"Foreach"}},"runAfter":{"List_rows_-_Processes_-_Find_custom_workflows":["Succeeded"]},"metadata":{"operationMetadataId":"0a0559fc-039e-4ae1-aa4a-b4ce19a96a8a"},"type":"Foreach"},"List_rows_-_Processes_-_Find_custom_workflows":{"runAfter":{},"metadata":{"operationMetadataId":"e9c25643-e133-4f7a-bb10-04af9b83343f"},"type":"OpenApiConnection","inputs":{"host":{"connectionName":"shared_commondataserviceforapps","operationId":"ListRecords","apiId":"/providers/Microsoft.PowerApps/apis/shared_commondataserviceforapps"},"parameters":{"entityName":"workflows","$filter":"@variables('filterForFlows')","$orderby":"name","$top":1000},"authentication":{"type":"Raw","value":"@json(decodeBase64(triggerOutputs().headers['X-MS-APIM-Tokens']))['$ConnectionKey']"}}}},"runAfter":{"Check_if_a_solution_Name_has_been_provided":["Succeeded"]},"metadata":{"operationMetadataId":"743db60d-b4db-46ff-9783-f6b35d91b10d"},"type":"Scope"},"Initialize_variable_flowType":{"runAfter":{},"metadata":{"operationMetadataId":"f63786f9-57a1-4c35-a87f-1e5894ffe409"},"type":"InitializeVariable","inputs":{"variables":[{"name":"flowType","type":"string"}]}},"Initialize_variable_triggerType":{"runAfter":{"Initialize_variable_flowType":["Succeeded"]},"metadata":{"operationMetadataId":"a7ae5e80-327b-424d-8c59-cb21365dacf1"},"type":"InitializeVariable","inputs":{"variables":[{"name":"triggerType","type":"string"}]}},"Initialize_variable_solution":{"runAfter":{"Initialize_variable_triggerType":["Succeeded"]},"metadata":{"operationMetadataId":"273caff3-d8b3-4913-b7f6-6df3bb9fbf6a"},"type":"InitializeVariable","inputs":{"variables":[{"name":"solution","type":"string"}]}},"Check_if_a_solution_Name_has_been_provided":{"actions":{"List_rows_-_Solutions":{"runAfter":{},"metadata":{"operationMetadataId":"e3317109-8d01-4dc3-84a2-5dc558c613c8"},"type":"OpenApiConnection","inputs":{"host":{"connectionName":"shared_commondataserviceforapps","operationId":"ListRecords","apiId":"/providers/Microsoft.PowerApps/apis/shared_commondataserviceforapps"},"parameters":{"entityName":"solutions","$filter":"contains(friendlyname,'@{triggerBody()['text']}')","$top":1},"authentication":{"type":"Raw","value":"@json(decodeBase64(triggerOutputs().headers['X-MS-APIM-Tokens']))['$ConnectionKey']"}}},"Apply_to_each_Solution":{"foreach":"@outputs('List_rows_-_Solutions')?['body/value']","actions":{"Set_variable_Solutionid":{"runAfter":{},"metadata":{"operationMetadataId":"16c74742-2a05-4d8c-9502-5b17793e2ae2"},"type":"SetVariable","inputs":{"name":"solutionid","value":"@items('Apply_to_each_Solution')?['solutionid']"}},"Set_variable_filterForFlows":{"runAfter":{"Set_variable_Solutionid":["Succeeded"]},"metadata":{"operationMetadataId":"86e13a95-e2da-4c3c-a709-e679e7059d8e"},"type":"SetVariable","inputs":{"name":"filterForFlows","value":"category eq 5 and solutionid eq '@{variables('solutionid')}'"}}},"runAfter":{"List_rows_-_Solutions":["Succeeded"]},"metadata":{"operationMetadataId":"714169d9-65c0-42db-8d29-d4fc9ab791da"},"type":"Foreach"}},"runAfter":{"Delete_Existing_Calls":["Succeeded"]},"expression":{"not":{"equals":["@empty(triggerBody()?['text'])",true]}},"metadata":{"operationMetadataId":"e3df65fd-2baa-4258-9456-83cce002c8d4"},"type":"If"},"Initialize_variable_solutionid":{"runAfter":{"Initialize_variable_solution":["Succeeded"]},"metadata":{"operationMetadataId":"44ae1329-3600-4d78-b0e7-42668d2c3cbe"},"type":"InitializeVariable","inputs":{"variables":[{"name":"solutionid","type":"string"}]}},"Initialize_variable_filterForFlows":{"runAfter":{"Initialize_variable_solutionid":["Succeeded"]},"metadata":{"operationMetadataId":"98314cbf-45d8-403d-a5f1-5b3847e4f93f"},"type":"InitializeVariable","inputs":{"variables":[{"name":"filterForFlows","type":"string","value":"category eq 5"}]}}}}},"schemaVersion":"1.0.0.0"}