{"properties":{"connectionReferences":{"shared_commondataserviceforapps":{"runtimeSource":"embedded","connection":{"connectionReferenceLogicalName":"new_sharedcommondataserviceforapps_a8cce"},"api":{"name":"shared_commondataserviceforapps"}}},"definition":{"$schema":"https://schema.management.azure.com/providers/Microsoft.Logic/schemas/2016-06-01/workflowdefinition.json#","contentVersion":"1.0.0.0","parameters":{"$connections":{"defaultValue":{},"type":"Object"},"$authentication":{"defaultValue":{},"type":"SecureObject"}},"staticResults":{"Add_a_new_row0":{"status":"Succeeded","outputs":{"statusCode":"OK","headers":{}}}},"triggers":{"manual":{"metadata":{"operationMetadataId":"6ef2b118-f697-40a3-be33-be7203683771"},"type":"Request","kind":"Button","inputs":{"schema":{"type":"object","properties":{},"required":[]}}}},"actions":{"Delete_Existing_Calls":{"actions":{"List_rows":{"runAfter":{},"metadata":{"operationMetadataId":"65cec245-d256-45b1-a57f-9c5741ab7c59"},"type":"OpenApiConnection","inputs":{"host":{"connectionName":"shared_commondataserviceforapps","operationId":"ListRecords","apiId":"/providers/Microsoft.PowerApps/apis/shared_commondataserviceforapps"},"parameters":{"entityName":"cr93e_workflowcallworkflows"},"authentication":{"type":"Raw","value":"@json(decodeBase64(triggerOutputs().headers['X-MS-APIM-Tokens']))['$ConnectionKey']"}}},"Apply_to_each_Existing_Call":{"foreach":"@outputs('List_rows')?['body/value']","actions":{"Delete_a_row":{"runAfter":{},"metadata":{"operationMetadataId":"d4f12c03-5992-461b-8942-f7d389710773"},"type":"OpenApiConnection","inputs":{"host":{"connectionName":"shared_commondataserviceforapps","operationId":"DeleteRecord","apiId":"/providers/Microsoft.PowerApps/apis/shared_commondataserviceforapps"},"parameters":{"entityName":"cr93e_workflowcallworkflows","recordId":"@items('Apply_to_each_Existing_Call')?['cr93e_workflowcallworkflowid']"},"authentication":{"type":"Raw","value":"@json(decodeBase64(triggerOutputs().headers['X-MS-APIM-Tokens']))['$ConnectionKey']"}}}},"runAfter":{"List_rows":["Succeeded"]},"metadata":{"operationMetadataId":"c6b29994-b768-43c2-834c-07fc393fd519"},"type":"Foreach"}},"runAfter":{},"metadata":{"operationMetadataId":"2dc5eaf5-e831-4f3d-bed0-3ea13df43c94"},"type":"Scope"},"Parse_your_flows":{"actions":{"List_rows_-_Processes_-_Find_custom_workflows":{"runAfter":{},"metadata":{"operationMetadataId":"e9c25643-e133-4f7a-bb10-04af9b83343f"},"type":"OpenApiConnection","inputs":{"host":{"connectionName":"shared_commondataserviceforapps","operationId":"ListRecords","apiId":"/providers/Microsoft.PowerApps/apis/shared_commondataserviceforapps"},"parameters":{"entityName":"workflows","$filter":"category eq 5","$top":1000},"authentication":{"type":"Raw","value":"@json(decodeBase64(triggerOutputs().headers['X-MS-APIM-Tokens']))['$ConnectionKey']"}}},"Apply_to_each_Workflow":{"foreach":"@outputs('List_rows_-_Processes_-_Find_custom_workflows')?['body/value']","actions":{"CallerWorkflow":{"runAfter":{},"metadata":{"operationMetadataId":"0ed6351c-3476-4e97-a0f7-66cddb6d4539"},"type":"Compose","inputs":"@item()?['name']"},"List_rows_-_Find_selected_workflow":{"runAfter":{"CallerWorkflow":["Succeeded"]},"metadata":{"operationMetadataId":"adae486b-0706-4a00-9984-381b9a6d7fa7"},"type":"OpenApiConnection","inputs":{"host":{"connectionName":"shared_commondataserviceforapps","operationId":"ListRecords","apiId":"/providers/Microsoft.PowerApps/apis/shared_commondataserviceforapps"},"parameters":{"entityName":"workflows","$filter":"name eq '@{item()?['name']}'"},"authentication":{"type":"Raw","value":"@json(decodeBase64(triggerOutputs().headers['X-MS-APIM-Tokens']))['$ConnectionKey']"}}},"Apply_to_each":{"foreach":"@outputs('List_rows_-_Find_selected_workflow')?['body/value']","actions":{"ClientDataXml":{"runAfter":{"Json":["Succeeded"]},"metadata":{"operationMetadataId":"26ee51c2-28a4-4cd4-84f8-a9f9488ad1a6"},"type":"Compose","inputs":"@xml(outputs('Json'))"},"ArrayOfChildWorkflowsReferences":{"runAfter":{"ClientDataXml":["Succeeded"]},"metadata":{"operationMetadataId":"7e8cb496-8f62-4744-bab6-9c69916a285f"},"type":"Compose","inputs":"@xpath(outputs('ClientDataXml'),'//workflowReferenceName/text()')","description":"xpath(outputs('ClientDataXml'),'myroot/properties/definition/actions//inputs/host/workflowReferenceName/text()')"},"Select__child_flow_references":{"runAfter":{"ArrayOfChildWorkflowsReferences":["Succeeded"]},"metadata":{"operationMetadataId":"ea1b8b0c-4ef4-4406-8c78-8f9041781f56"},"type":"Select","inputs":{"from":"@outputs('ArrayOfChildWorkflowsReferences')","select":{"workflow":"@item()"}},"description":"xpath(outputs('ClientDataXml'),'myroot/properties/definition/actions//inputs/host/workflowReferenceName/text()')"},"ClientDataCompatibleJsonInString":{"runAfter":{"ClientData":["Succeeded"]},"metadata":{"operationMetadataId":"2d5fe34b-2063-4eb0-a6a3-ccf8a84c8406"},"type":"Compose","inputs":"\n  @{string('{\"myroot\":')} @{string(outputs('ClientData'))} }"},"Apply_to_each_Child_flow_reference":{"foreach":"@body('Select__child_flow_references')","actions":{"Add_a_new_row":{"runAfter":{},"metadata":{"operationMetadataId":"c7f1bb53-42d9-44cb-8c7e-2eb8d4cdf36f"},"type":"OpenApiConnection","inputs":{"host":{"connectionName":"shared_commondataserviceforapps","operationId":"CreateRecord","apiId":"/providers/Microsoft.PowerApps/apis/shared_commondataserviceforapps"},"parameters":{"entityName":"cr93e_workflowcallworkflows","item/cr93e_calledid":"@items('Apply_to_each_Child_flow_reference')?['workflow']","item/cr93e_callerid":"@outputs('WorkflowCallerId')"},"authentication":{"type":"Raw","value":"@json(decodeBase64(triggerOutputs().headers['X-MS-APIM-Tokens']))['$ConnectionKey']"}},"runtimeConfiguration":{"staticResult":{"staticResultOptions":"Disabled","name":"Add_a_new_row0"}}}},"runAfter":{"Select__child_flow_references":["Succeeded"]},"metadata":{"operationMetadataId":"7c9fc66d-6646-4935-99a3-6eeac81ea449"},"type":"Foreach"},"WorkflowCallerId":{"runAfter":{},"metadata":{"operationMetadataId":"777b5bae-92ba-4eb8-b3b8-1625dd7c3f96"},"type":"Compose","inputs":"@item()?['workflowid']"},"ClientData":{"runAfter":{"WorkflowCallerId":["Succeeded"]},"metadata":{"operationMetadataId":"4f205c83-af9e-4d53-9670-d670b805f09c"},"type":"Compose","inputs":"@replace(items('Apply_to_each')?['clientdata'],'@',' at ')"},"Json":{"runAfter":{"ClientDataCompatibleJsonInString":["Succeeded"]},"metadata":{"operationMetadataId":"873087c0-c418-455d-ba97-d9058ce9d711"},"type":"Compose","inputs":"@json(replace(replace(outputs('ClientDataCompatibleJsonInString'),'@','at'),'::',':'))"}},"runAfter":{"List_rows_-_Find_selected_workflow":["Succeeded"]},"metadata":{"operationMetadataId":"f3819906-69f9-4183-a02f-126953b1d51c"},"type":"Foreach"}},"runAfter":{"List_rows_-_Processes_-_Find_custom_workflows":["Succeeded"]},"metadata":{"operationMetadataId":"0a0559fc-039e-4ae1-aa4a-b4ce19a96a8a"},"type":"Foreach"}},"runAfter":{"Delete_Existing_Calls":["Succeeded"]},"metadata":{"operationMetadataId":"743db60d-b4db-46ff-9783-f6b35d91b10d"},"type":"Scope"}}}},"schemaVersion":"1.0.0.0"}